tanggal,jam,text
2025-10-08,10:37:03,udah tepuk sakinah
2025-10-03,01:30:38,udah nikah ngakak bom nikah muaaak udah cerai nyengir tepuk sakinah beneran dilakuin kirain cuman canda
2025-10-06,12:59:30,tepuk sakinah tepuk trauma
2025-10-07,01:05:51,iq tangkap pesan moral lagu tepuk sakinah pasang pasang pasang janji kokoh janji kokoh janji kokoh cinta hormat jaga ridho musyawarah sakinah pesan moral
2025-10-03,11:56:50,menag optimistis tepuk sakinah redam cerai baca
2025-10-03,11:41:01,boomer balas dendam genjet cipta tepuk sakinah
2025-10-03,11:32:53,rumah tangga mulus turun sabar maaf janji suci ikrar tegang yuk tarik napas tenang laku tepuk sakinah hati adem
2025-09-30,13:49:55,tepuk sakinah doesnt make stay
2025-10-04,14:08:19,one want tepuk sakinah
2025-10-06,14:40:13,selamat hengky meyden bahagia sakinah tepuk sakinah lupa
2025-10-04,14:17:58,russtappen mode tepuk sakinah
2025-10-06,02:45:12,star save karina wedding beautiful bride tepuk sakinah photocard save
2025-10-04,03:59:13,temen tidur ruang hujan hujan dah tepuk sakinah gua makan dah wkwkwkwk
2025-10-01,03:57:35,kalo pacar gin kagak banting cui allah lupa hokuto tepuk sakinah
2025-10-04,01:41:01,tepuk sakinahfree wedding
2025-10-07,00:52:25,tepuk sakinah nice sometimes need kind tepuk replied saying harder
2025-10-05,12:19:24,tepuk sakinah muncul tepuk coretax dagel
2025-10-08,07:20:11,apal tepuk sakinah wkwkkwk
2025-10-04,11:27:13,doa ajar nabi pasang meni barokallah lakumaa wa baroka alaikumaa wa jamaa baynakumaa khoirin doa ini gak jamin pasang langgeng lha suruh nyanyi tepuktepuk sakinah langgeng rezim absurd
2025-10-05,13:56:19,tepuk sakinah
2025-10-06,04:26:47,durung butuh tepuk sakinah nik butuhe nepuknepuk pundake dewe ben kuat lan bakoh
2025-10-04,15:19:27,langsung tepuk sakinah
2025-10-02,11:41:56,emg hapal tepuk sakinah
2025-10-02,15:48:34,ptsd post tepuk sakinah disorder
2025-10-08,07:17:59,nohyuck jendong one tweet au tepuk sakinah cw bxb harsh word age gap mpreg
2025-10-04,13:39:40,pantau debat intelektuil x
2025-10-06,01:36:44,indo teaching ned tepuk sakinah haha
2025-10-04,16:11:50,syifa tepuk sakinah ni
2025-10-04,10:54:46,tepuk sakinah orang malas meni cerai nikah simpul tepuk sakinah kurang angka cerai chess
2025-10-06,04:17:16,bg ngausah misuh
2025-10-06,03:59:30,sisi neng sisi kasi juang tepuk sakinah
2025-10-05,05:46:40,inponya pas wahyu menang jwc orang bioskop tepuk sakinah kah oomf
2025-10-08,12:02:09,nikah shinjiro suruh tepuk sakinah kah
2025-10-05,01:31:15,tau udah plan kalo nikah request penghulu kua gak ngeluarin jokes cringey amp tepuk sakinah dapet pokok
2025-10-06,01:26:16,smart smart contract
2025-09-28,12:43:30,pas ayo coba tepuk sakinah barengbareng
2025-10-04,17:42:25,lebih hafal mati tepuk sakinah
2025-10-06,06:28:01,kutuk kelen vibecoder
2025-10-07,05:36:28,hapal tepuk sakinah dah muncul tepuk talak
2025-10-01,13:36:13,ts panjang tepuk sakinah
2025-10-05,10:57:57,verchan abis tepuk sakinah
2025-10-04,21:11:25,cerai tekan tepuk sakinah woy percaya konyol tepuk sakinah pandang sudut mana peduli tepu cerai urus pribadi tepuk sakinah jungkir efek redam cerai sungguh konyol
2025-10-06,00:17:58,contoh menag meni pake tepuk sakinah nikah suami kena phk angka cerai cegah pake tepuk sakinah
2025-10-05,10:36:46,menag jual tepuk sakinah
2025-10-01,17:20:42,orangtuaku please tepuk sakinah lg
2025-10-02,04:12:09,usok dedek kalo nikah rencana pake tepuk sakinah gak
2025-10-08,11:07:36,tepuk sakinah tepuk shaqiri
2025-09-27,16:40:35,hapal tepuk sakinah tepuk tangan
2025-10-04,14:43:03,upload ulang dongren lokal au prompt potong cerita dayat hc supri rj cinta jaga tepuk sakinah
2025-09-29,11:41:03,ayo tepuk sakinah sayang pasang pasang pasang
2025-10-01,16:19:40,tepuk sakinah mending tepuk ur ass
2025-10-08,05:30:34,ken nikah bom hafal tepuk sakinah cuuung sing duwur
2025-10-04,15:53:23,besok kalo russtappen podium beneran gw bikinin pidio tepuk sakinah anjim wkwkwk
2025-10-02,09:17:14,nikah pas akad emg beneran tepuk sakinah kah
2025-10-05,01:31:07,gue kua sosialisasiin program siap nikah isi tepuk sakinah warga lgsg bilang siap dr kua useless gitu gue gatau husnuzhan fondasi riil
2025-10-05,15:46:50,ayo tepuk sakinah yum
2025-10-04,04:48:52,tepuk sakinah didnt even save jebens marriage
2025-10-02,11:39:49,meo tepuk sakinah yasmin
2025-10-06,06:54:00,sbnrnya perintah purposefully ragebaiting rakyat gmn mank org bego percaya tepuk sakinah tepuk coretax gw tepuk lo
2025-10-02,13:24:25,tau ai generated
2025-10-02,23:38:49,positive thinking akun alter github
2025-10-05,14:49:20,rumah gak beras laku tepuk sakinah
2025-10-05,15:06:18,tinggal tepuk sakinah inimah
2025-09-29,07:26:49,tepuk sakinah oncomie
2025-09-30,12:27:07,santri mantan santri langsung paham janji kokoh tepuk sakinah terjemah mitsaqan ghaliza mitsaqan ghaliza bahasa agama nikah ikat kuat gak mainmain
2025-10-08,11:06:50,tepuk sakinah
2025-10-03,17:10:32,tepuk sakinah duluan
2025-10-01,00:55:42,ateez udah hafal tepuk sakinah
2025-10-05,16:11:12,ganta cocok duta tepuk sakinah tiktok deniasismail
2025-10-07,11:12:29,miimunah amp muhmodin km kalo maw join sirkel tepuk sakinah bongcyl anu anak salah kack
2025-10-04,11:38:23,tepuk sakinah gadhingtanaya happy ending
2025-10-04,23:00:07,habis ajar tepuk sakinah kali till jannah ahaaaay
2025-09-28,13:43:51,kemarin bingung banget bilang fattrose suruh ngapalin tepuk sakinah kirain gitu istilah tepuk orang nikah allah adaada
2025-09-28,13:39:39,udah sabar ngewenya enak hafal tepuk sakinah kalo disiasiain rugi banget udah
2025-09-28,04:38:33,tepuk sakinah ala wahabi nafsu lindung sunnah nabi enteng ngomong hadeh
2025-10-02,08:08:22,tepuk sakinah
2025-09-30,09:24:38,santuyyy nyari jodoh tepuk sakinah
2025-10-04,01:10:11,rumah tangga udah tahun gak butuh tepuk sakinah butuh nafkah lahir batin samawa laki laki sehat non fungsional hidup
2025-10-04,08:41:50,menag tepuk sakinah yakin kurang angka cerai bener orangorang gak nikah garagara tepuk sakinah nikah gak cerai
2025-10-07,00:06:43,tepuk sakinah muncul tepuk coretax damn
2025-10-08,11:10:10,lupa tepuk sakinah bu lurah
2025-09-30,07:05:53,iyan iyo antem iyo lgsg ngirim video tepuk sakinah
2025-09-29,05:28:35,ayo soob gue udah hafal tepuk sakinah
2025-10-07,01:11:21,sebentar baca git diff ai era
2025-10-05,10:53:42,lupa tepuk sakinah best
2025-10-08,06:23:04,tepuk sakinah bareng gua
2025-10-04,15:29:22,tepuk sakinah
2025-10-04,23:38:40,standar bangun rancang pakar rabas bikin standar libat kyai gus make make sense
2025-10-02,11:33:32,keluarga gw please daftar laki anak gw ntar tepuk sakinah bareng sorry edit jelek gw gak bakat maju langsung dua gak req fc dah arigathanks kindly qrt rent
2025-10-03,11:07:31,tepuk sakinah kata
2025-10-03,15:48:18,tepuk sakinah
2025-10-05,07:46:38,tepuk sakinah tarik iring ikut kelas pranikah yah
2025-10-04,02:50:10,new fear unlocked takut indonesia meni takut suruh tepuk sakinah mari usaha nikah negeri
2025-10-04,14:59:49,gas tau ketemu partner diajakin tepuk sakinah reply pick line baik kalean lupa pake poto kalean baik tarik oh iya pake hashtag gampang cari letsss gooooo disclaimer
2025-10-02,15:19:18,udah ganteng bangetttt sabar ngajak tepuk sakinah
2025-10-02,13:06:04,tepuk sakinah maksud
2025-10-02,14:35:58,ald gatau sender ngebayangin member bikin tepuk sakinah ituloh
2025-10-05,11:58:02,makasih tepuk sakinah udah satu skynani
2025-10-01,12:10:05,kalo ken nikah hafal tepuk sakinah gpp
2025-10-03,10:06:46,ku hadap tepuk sakinah calon xixixi
2025-10-07,02:25:41,tepuk sakinah cant make stay tempik sakinah
2025-09-28,13:27:57,nikah gamau tepuk sakinah
2025-09-28,02:57:59,tepuk sakinah
2025-10-06,03:46:27,tepuk sakinah kuat tenaga suami istri bayar cicik kpr tebal kuping suami dimarahin istri bolak naro handuk basah kasur tingkat kuat mental hidup nikah seman khayal pacar
2025-10-04,16:27:32,well two wishes ayu tangerang tepuk sakinah mari guling rezim
2025-10-06,02:03:13,salah kalo orangorang males nikah garagara suruh tepuk sakinah turun angka cerai pikir cerdas
2025-10-02,12:44:22,tepuk sakinah date bareng
2025-10-05,19:57:07,kuda tepuk sakinah
2025-10-04,04:25:46,gin yah mentemen klean ararantum nanya sampe guwah bom realisasi buka pos omonomon doang hambat yah guwah bom apal tepuk sakinah guwah apalnya tepuk anak sholeh
2025-10-06,09:54:36,ak jemput chenle abu dhabi trus bawa kua trus tepuk sakinah
2025-10-03,14:36:59,sial bayangin kangjae nikah suruh tepuk sakinah anj milih batal cyg gen z abiess
2025-10-04,03:26:34,bayanginnya selingkuh pasang tahu selingkuh tepuk sakinah cerai
2025-10-07,04:03:48,bentuk kyk gin ajak tepuk sakinah
2025-10-07,03:32:22,tepuk sakinah wont make stay tepuk ndase make leave stay emergency
2025-10-05,13:43:41,tepuk sakinah akal boomer genzi nikah
2025-09-29,12:38:10,kalo mama mayang beneran tobat gue bingung aqeela tinggal mama mayangmama angel jdi bingung mending harqeel cepetan hafalin tepuk sakinah trus nikah aqeela harry adil iniitu mama rebut aqeela ntar
2025-10-04,11:53:14,sadbor berashabisjoget solusi menag berashabistepuk sakinah solusi udah layak bubar indonesia
2025-09-29,04:58:52,gw sm zayne kua setor tepuk sakinah batalin nikah
2025-10-04,14:08:38,lebay anjir tepuk sakinah tanam tauhid akhlak rumah tangga pasang erti tepok tepok tangan kaya orang gila
2025-10-04,03:47:51,tepuk sakinah hari x siang x malam x insyallah hindar cerai alias
2025-10-07,12:22:43,alhamdulillah ncej tepuk sakinah
2025-10-04,14:44:27,hai kemenag ide tepuk sakinah tuju tepuktepukan long term kah maaf banget kalo antem ajak tepuk sakinah uppercut langsung rahang basabasi tks
2025-10-01,21:07:28,maaf tepuk sakinah ice breaking bina pranikah kua preventif bimbing pranikah ice breakingnya viral
2025-09-30,16:36:31,sumpah tuhan gue tepuk sakinah new slang ngentot
2025-10-06,12:30:08,nihao twelve letters tepuk sakinah kn angst pasang pasang pasang gaji pokok gaji pokok gaji pokok cinta hormat jaga ridho musyawarah sakinah
2025-10-07,11:27:16,pesona pc tepuk sakinah
2025-10-06,09:25:51,serius kalo nikah tepuk sakinah dlu
2025-10-05,12:50:14,sodara gin tepuk sakinah gt orang malas nikah gt angka nikah turun gt angka cerai turun krn nikah jd inti tepuk sakinah turun angka cerai rillmint
2025-10-04,05:25:06,ikan pari kena panah tepuk sakinah
2025-10-06,09:55:10,terima info kecuali ajak tepuk sakinah
2025-10-02,08:49:19,piche udah style formal gin apotek tutup banget kaya diajakin tepuk sakinah gitu
2025-09-27,14:56:46,akad mempelai dua tepuk sakinah tepuk tangan wak malming nikah langsung maen wak
2025-10-04,13:05:55,gonjang ganjing rumah tangga guncang tepuk sakinah
2025-10-08,10:49:07,anak intern gue diprank suruh ngeprint tepuk sakinah beneran print jir
2025-09-30,09:23:46,kalo nikah ken tepuk sakinah bleh ngga pirsa
2025-10-06,04:54:55,tepuk sakinah tepuk pajak abis ni jangan tepuk bmg
2025-10-05,09:48:28,token listrik habis solusi kasih tepuk sakinah spp anak nunggak solusi kasih tepuk sakinah beras lauk habis perut keroncong solusi kasih tepuk sakinah damai langgeng antem melulu
2025-10-02,13:20:39,ditakutin gen z gak uang tepuk sakinah
2025-10-02,00:41:21,guys pharmony tepuk sakinah
2025-10-05,12:58:24,another side kak nikah kua gamau ajar tepuk sakinah
2025-10-05,09:15:02,kalo ngga tepuk sakinah
2025-10-02,18:35:18,nicholas asbun sitanggang ngeri bener asbunnya gilir suruh tepuk sakinah gamau tepok doang buset kagak suruh nikah wkwkwk
2025-10-03,11:14:50,intip kalender senin miting back back miauuuwww brubah mjdi kucing
2025-09-29,11:39:51,fattrose lupa tepuk sakinah
2025-09-28,01:32:27,ngafalin tepuk sakinah km orgnya
2025-10-04,19:01:52,fyi frens gereja gapake tepuk sakinah
2025-10-05,13:21:23,k kalo ngajak tepuk sakinah marah
2025-10-02,12:02:17,mas ayo rabi wes apal tepuk sakinah
2025-10-07,01:36:56,call ambulance moment
2025-10-02,11:37:22,tepuk sakinah tepuk skripsi janji lulus janji lulus wisuda revisi tulis revisi tulis selesai skripsi credit dr ganjar rahmawan
2025-10-03,03:41:38,fix kiki muslim bener ka eja tepuk sakinah
2025-10-07,03:57:30,tbh dont get ppl hating tepuk sakinahits clumsy whimsy funny make things less stressful administrasi nikah abrek kawin yeah dont think tepuk sakinah deserves hate
2025-10-05,12:02:39,pringses tuk tepuk sakinah sm abang shuaaa nie alas pringses mnghilank ejih krna hrs mjd bridesmaid dn skrng pringses sngt cape lelah dn antuk muka pringses tebel sperti tembok lh pasang pasang pasang pringses sm abang
2025-10-06,07:48:13,cc kantor urus agama tepuk sakinah direktorat jenderal pajak tepuk coretax
2025-10-06,03:31:48,kalo selingkuh timggal panggil pake tepuk sakinah ntr lg ribut kdrt tinggal tepuk sakinah ntr baik lg sakit obat timggal tepuk sakinah ntr sehat lg emang bs selesai tepuk sakinah
2025-10-04,05:56:57,tweet au part red zone tepuk sakinah
2025-10-06,02:09:11,rumah tangga tepuk sakinah pajak tepuk coretax miskin tepuk poverty didik tepuk sarjana
2025-10-07,02:37:25,sli sljj
2025-10-04,15:01:37,nikah karna hapal tepuk sakinah
2025-09-29,11:12:20,untung pas nikah tepuk sakinah bayangin suami ngelakuin tepuk sakinah
2025-10-04,06:47:41,ahhhh cerai suamikuu kemarin udah tepuk sakinah beneran cerai
